cve_id,relationship_type,connected_node_label,connected_node_id,relationship_cve_id,all_properties
CVE-2017-17107,VULNERABLE_TO,Equipment,,CVE-2017-17107,"{""phase"": ""supply_chain_intelligence_layer"", ""evidence"": ""Direct AFFECTS relationship from CVE"", ""relationship_type"": ""sbom_cve_correlation"", ""cve_id"": ""CVE-2017-17107"", ""confidence_score"": 0.8, ""discovered_date"": ""2025-11-01T13:29:21.296549""}"
CVE-2017-9765,VULNERABLE_TO,Equipment,,CVE-2017-9765,"{""phase"": ""supply_chain_intelligence_layer"", ""evidence"": ""Direct AFFECTS relationship from CVE"", ""relationship_type"": ""sbom_cve_correlation"", ""cve_id"": ""CVE-2017-9765"", ""confidence_score"": 0.8, ""discovered_date"": ""2025-11-01T13:29:21.296549""}"
CVE-2018-13374,VULNERABLE_TO,Equipment,,CVE-2018-13374,"{""phase"": ""supply_chain_intelligence_layer"", ""evidence"": ""Direct AFFECTS relationship from CVE"", ""relationship_type"": ""sbom_cve_correlation"", ""cve_id"": ""CVE-2018-13374"", ""confidence_score"": 0.8, ""discovered_date"": ""2025-11-01T13:29:21.296549""}"
CVE-2018-13379,VULNERABLE_TO,Equipment,,CVE-2018-13379,"{""phase"": ""supply_chain_intelligence_layer"", ""evidence"": ""Direct AFFECTS relationship from CVE"", ""relationship_type"": ""sbom_cve_correlation"", ""cve_id"": ""CVE-2018-13379"", ""confidence_score"": 0.8, ""discovered_date"": ""2025-11-01T13:29:21.296549""}"
CVE-2021-4034,VULNERABLE_TO,Equipment,,CVE-2021-4034,"{""phase"": ""supply_chain_intelligence_layer"", ""evidence"": ""Direct AFFECTS relationship from CVE"", ""relationship_type"": ""sbom_cve_correlation"", ""cve_id"": ""CVE-2021-4034"", ""confidence_score"": 0.8, ""discovered_date"": ""2025-11-01T13:29:21.296549""}"
CVE-2022-1040,VULNERABLE_TO,Equipment,,CVE-2022-1040,"{""phase"": ""supply_chain_intelligence_layer"", ""evidence"": ""Direct AFFECTS relationship from CVE"", ""relationship_type"": ""sbom_cve_correlation"", ""cve_id"": ""CVE-2022-1040"", ""confidence_score"": 0.8, ""discovered_date"": ""2025-11-01T13:29:21.296549""}"
CVE-2022-1388,VULNERABLE_TO,Equipment,,CVE-2022-1388,"{""phase"": ""supply_chain_intelligence_layer"", ""evidence"": ""Direct AFFECTS relationship from CVE"", ""relationship_type"": ""sbom_cve_correlation"", ""cve_id"": ""CVE-2022-1388"", ""confidence_score"": 0.8, ""discovered_date"": ""2025-11-01T13:29:21.296549""}"
CVE-2022-22947,VULNERABLE_TO,Equipment,,CVE-2022-22947,"{""phase"": ""supply_chain_intelligence_layer"", ""evidence"": ""Direct AFFECTS relationship from CVE"", ""relationship_type"": ""sbom_cve_correlation"", ""cve_id"": ""CVE-2022-22947"", ""confidence_score"": 0.8, ""discovered_date"": ""2025-11-01T13:29:21.296549""}"
CVE-2022-22954,VULNERABLE_TO,Equipment,,CVE-2022-22954,"{""phase"": ""supply_chain_intelligence_layer"", ""evidence"": ""Direct AFFECTS relationship from CVE"", ""relationship_type"": ""sbom_cve_correlation"", ""cve_id"": ""CVE-2022-22954"", ""confidence_score"": 0.8, ""discovered_date"": ""2025-11-01T13:29:21.296549""}"
CVE-2022-22963,VULNERABLE_TO,Equipment,,CVE-2022-22963,"{""phase"": ""supply_chain_intelligence_layer"", ""evidence"": ""Direct AFFECTS relationship from CVE"", ""relationship_type"": ""sbom_cve_correlation"", ""cve_id"": ""CVE-2022-22963"", ""confidence_score"": 0.8, ""discovered_date"": ""2025-11-01T13:29:21.296549""}"
CVE-2022-24521,VULNERABLE_TO,Equipment,,CVE-2022-24521,"{""phase"": ""supply_chain_intelligence_layer"", ""evidence"": ""Direct AFFECTS relationship from CVE"", ""relationship_type"": ""sbom_cve_correlation"", ""cve_id"": ""CVE-2022-24521"", ""confidence_score"": 0.8, ""discovered_date"": ""2025-11-01T13:29:21.296549""}"
CVE-2022-26134,VULNERABLE_TO,Equipment,,CVE-2022-26134,"{""phase"": ""supply_chain_intelligence_layer"", ""evidence"": ""Direct AFFECTS relationship from CVE"", ""relationship_type"": ""sbom_cve_correlation"", ""cve_id"": ""CVE-2022-26134"", ""confidence_score"": 0.8, ""discovered_date"": ""2025-11-01T13:29:21.296549""}"
CVE-2022-26352,VULNERABLE_TO,Equipment,,CVE-2022-26352,"{""phase"": ""supply_chain_intelligence_layer"", ""evidence"": ""Direct AFFECTS relationship from CVE"", ""relationship_type"": ""sbom_cve_correlation"", ""cve_id"": ""CVE-2022-26352"", ""confidence_score"": 0.8, ""discovered_date"": ""2025-11-01T13:29:21.296549""}"
CVE-2022-27518,VULNERABLE_TO,Equipment,,CVE-2022-27518,"{""phase"": ""supply_chain_intelligence_layer"", ""evidence"": ""Direct AFFECTS relationship from CVE"", ""relationship_type"": ""sbom_cve_correlation"", ""cve_id"": ""CVE-2022-27518"", ""confidence_score"": 0.8, ""discovered_date"": ""2025-11-01T13:29:21.296549""}"
CVE-2022-2856,VULNERABLE_TO,Equipment,,CVE-2022-2856,"{""phase"": ""supply_chain_intelligence_layer"", ""evidence"": ""Direct AFFECTS relationship from CVE"", ""relationship_type"": ""sbom_cve_correlation"", ""cve_id"": ""CVE-2022-2856"", ""confidence_score"": 0.8, ""discovered_date"": ""2025-11-01T13:29:21.296549""}"
CVE-2022-30190,VULNERABLE_TO,Equipment,,CVE-2022-30190,"{""phase"": ""supply_chain_intelligence_layer"", ""evidence"": ""Direct AFFECTS relationship from CVE"", ""relationship_type"": ""sbom_cve_correlation"", ""cve_id"": ""CVE-2022-30190"", ""confidence_score"": 0.8, ""discovered_date"": ""2025-11-01T13:29:21.296549""}"
CVE-2022-30333,VULNERABLE_TO,Equipment,,CVE-2022-30333,"{""phase"": ""supply_chain_intelligence_layer"", ""evidence"": ""Direct AFFECTS relationship from CVE"", ""relationship_type"": ""sbom_cve_correlation"", ""cve_id"": ""CVE-2022-30333"", ""confidence_score"": 0.8, ""discovered_date"": ""2025-11-01T13:29:21.296549""}"
CVE-2022-30525,VULNERABLE_TO,Equipment,,CVE-2022-30525,"{""phase"": ""supply_chain_intelligence_layer"", ""evidence"": ""Direct AFFECTS relationship from CVE"", ""relationship_type"": ""sbom_cve_correlation"", ""cve_id"": ""CVE-2022-30525"", ""confidence_score"": 0.8, ""discovered_date"": ""2025-11-01T13:29:21.296549""}"
CVE-2022-30525,VULNERABLE_TO,Equipment,,CVE-2022-30525,"{""phase"": ""supply_chain_intelligence_layer"", ""evidence"": ""Direct AFFECTS relationship from CVE"", ""relationship_type"": ""sbom_cve_correlation"", ""cve_id"": ""CVE-2022-30525"", ""confidence_score"": 0.8, ""discovered_date"": ""2025-11-01T13:29:21.296549""}"
CVE-2022-3236,VULNERABLE_TO,Equipment,,CVE-2022-3236,"{""phase"": ""supply_chain_intelligence_layer"", ""evidence"": ""Direct AFFECTS relationship from CVE"", ""relationship_type"": ""sbom_cve_correlation"", ""cve_id"": ""CVE-2022-3236"", ""confidence_score"": 0.8, ""discovered_date"": ""2025-11-01T13:29:21.296549""}"
CVE-2022-37969,VULNERABLE_TO,Equipment,,CVE-2022-37969,"{""phase"": ""supply_chain_intelligence_layer"", ""evidence"": ""Direct AFFECTS relationship from CVE"", ""relationship_type"": ""sbom_cve_correlation"", ""cve_id"": ""CVE-2022-37969"", ""confidence_score"": 0.8, ""discovered_date"": ""2025-11-01T13:29:21.296549""}"
CVE-2022-40139,VULNERABLE_TO,Equipment,,CVE-2022-40139,"{""phase"": ""supply_chain_intelligence_layer"", ""evidence"": ""Direct AFFECTS relationship from CVE"", ""relationship_type"": ""sbom_cve_correlation"", ""cve_id"": ""CVE-2022-40139"", ""confidence_score"": 0.8, ""discovered_date"": ""2025-11-01T13:29:21.296549""}"
CVE-2022-42475,VULNERABLE_TO,Equipment,,CVE-2022-42475,"{""phase"": ""supply_chain_intelligence_layer"", ""evidence"": ""Direct AFFECTS relationship from CVE"", ""relationship_type"": ""sbom_cve_correlation"", ""cve_id"": ""CVE-2022-42475"", ""confidence_score"": 0.8, ""discovered_date"": ""2025-11-01T13:29:21.296549""}"
CVE-2022-42856,VULNERABLE_TO,Equipment,,CVE-2022-42856,"{""phase"": ""supply_chain_intelligence_layer"", ""evidence"": ""Direct AFFECTS relationship from CVE"", ""relationship_type"": ""sbom_cve_correlation"", ""cve_id"": ""CVE-2022-42856"", ""confidence_score"": 0.8, ""discovered_date"": ""2025-11-01T13:29:21.296549""}"
CVE-2022-44698,VULNERABLE_TO,Equipment,,CVE-2022-44698,"{""phase"": ""supply_chain_intelligence_layer"", ""evidence"": ""Direct AFFECTS relationship from CVE"", ""relationship_type"": ""sbom_cve_correlation"", ""cve_id"": ""CVE-2022-44698"", ""confidence_score"": 0.8, ""discovered_date"": ""2025-11-01T13:29:21.296549""}"
CVE-2023-27997,VULNERABLE_TO,Equipment,,CVE-2023-27997,"{""phase"": ""supply_chain_intelligence_layer"", ""evidence"": ""Direct AFFECTS relationship from CVE"", ""relationship_type"": ""sbom_cve_correlation"", ""cve_id"": ""CVE-2023-27997"", ""confidence_score"": 0.8, ""discovered_date"": ""2025-11-01T13:29:21.296549""}"
CVE-2023-27997,VULNERABLE_TO,Equipment,,CVE-2023-27997,"{""phase"": ""supply_chain_intelligence_layer"", ""evidence"": ""Direct AFFECTS relationship from CVE"", ""relationship_type"": ""sbom_cve_correlation"", ""cve_id"": ""CVE-2023-27997"", ""confidence_score"": 0.8, ""discovered_date"": ""2025-11-01T13:29:21.296549""}"
CVE-2023-2868,VULNERABLE_TO,Equipment,,CVE-2023-2868,"{""phase"": ""supply_chain_intelligence_layer"", ""evidence"": ""Direct AFFECTS relationship from CVE"", ""relationship_type"": ""sbom_cve_correlation"", ""cve_id"": ""CVE-2023-2868"", ""confidence_score"": 0.8, ""discovered_date"": ""2025-11-01T13:29:21.296549""}"
CVE-2023-30799,VULNERABLE_TO,Equipment,,CVE-2023-30799,"{""phase"": ""supply_chain_intelligence_layer"", ""evidence"": ""Direct AFFECTS relationship from CVE"", ""relationship_type"": ""sbom_cve_correlation"", ""cve_id"": ""CVE-2023-30799"", ""confidence_score"": 0.8, ""discovered_date"": ""2025-11-01T13:29:21.296549""}"
CVE-2023-30799,VULNERABLE_TO,Equipment,,CVE-2023-30799,"{""phase"": ""supply_chain_intelligence_layer"", ""evidence"": ""Direct AFFECTS relationship from CVE"", ""relationship_type"": ""sbom_cve_correlation"", ""cve_id"": ""CVE-2023-30799"", ""confidence_score"": 0.8, ""discovered_date"": ""2025-11-01T13:29:21.296549""}"
CVE-2023-46805,VULNERABLE_TO,Equipment,,CVE-2023-46805,"{""phase"": ""supply_chain_intelligence_layer"", ""evidence"": ""Direct AFFECTS relationship from CVE"", ""relationship_type"": ""sbom_cve_correlation"", ""cve_id"": ""CVE-2023-46805"", ""confidence_score"": 0.8, ""discovered_date"": ""2025-11-01T13:29:21.296549""}"
CVE-2024-21887,VULNERABLE_TO,Equipment,,CVE-2024-21887,"{""phase"": ""supply_chain_intelligence_layer"", ""evidence"": ""Direct AFFECTS relationship from CVE"", ""relationship_type"": ""sbom_cve_correlation"", ""cve_id"": ""CVE-2024-21887"", ""confidence_score"": 0.8, ""discovered_date"": ""2025-11-01T13:29:21.296549""}"
CVE-2024-21887,VULNERABLE_TO,Equipment,,CVE-2024-21887,"{""phase"": ""supply_chain_intelligence_layer"", ""evidence"": ""Direct AFFECTS relationship from CVE"", ""relationship_type"": ""sbom_cve_correlation"", ""cve_id"": ""CVE-2024-21887"", ""confidence_score"": 0.8, ""discovered_date"": ""2025-11-01T13:29:21.296549""}"
CVE-2024-21887,VULNERABLE_TO,Equipment,,CVE-2024-21887,"{""phase"": ""supply_chain_intelligence_layer"", ""evidence"": ""Direct AFFECTS relationship from CVE"", ""relationship_type"": ""sbom_cve_correlation"", ""cve_id"": ""CVE-2024-21887"", ""confidence_score"": 0.8, ""discovered_date"": ""2025-11-01T13:29:21.296549""}"
cve-CVE-2013-1599,VULNERABLE_TO,System,CybersecurityKB:System:DOW_07_CCTV,cve-CVE-2013-1599,"{""phase"": ""supply_chain_intelligence_layer"", ""evidence"": ""Direct AFFECTS relationship from CVE"", ""relationship_type"": ""sbom_cve_correlation"", ""cve_id"": ""cve-CVE-2013-1599"", ""confidence_score"": 0.8, ""discovered_date"": ""2025-11-01T13:29:21.296549""}"
cve-CVE-2013-1600,VULNERABLE_TO,System,CybersecurityKB:System:DOW_07_CCTV,cve-CVE-2013-1600,"{""phase"": ""supply_chain_intelligence_layer"", ""evidence"": ""Direct AFFECTS relationship from CVE"", ""relationship_type"": ""sbom_cve_correlation"", ""cve_id"": ""cve-CVE-2013-1600"", ""confidence_score"": 0.8, ""discovered_date"": ""2025-11-01T13:29:21.296549""}"
cve-CVE-2013-1601,VULNERABLE_TO,System,CybersecurityKB:System:DOW_07_CCTV,cve-CVE-2013-1601,"{""phase"": ""supply_chain_intelligence_layer"", ""evidence"": ""Direct AFFECTS relationship from CVE"", ""relationship_type"": ""sbom_cve_correlation"", ""cve_id"": ""cve-CVE-2013-1601"", ""confidence_score"": 0.8, ""discovered_date"": ""2025-11-01T13:29:21.296549""}"
cve-CVE-2013-1602,VULNERABLE_TO,System,CybersecurityKB:System:DOW_07_CCTV,cve-CVE-2013-1602,"{""phase"": ""supply_chain_intelligence_layer"", ""evidence"": ""Direct AFFECTS relationship from CVE"", ""relationship_type"": ""sbom_cve_correlation"", ""cve_id"": ""cve-CVE-2013-1602"", ""confidence_score"": 0.8, ""discovered_date"": ""2025-11-01T13:29:21.296549""}"
cve-CVE-2013-1603,VULNERABLE_TO,System,CybersecurityKB:System:DOW_07_CCTV,cve-CVE-2013-1603,"{""phase"": ""supply_chain_intelligence_layer"", ""evidence"": ""Direct AFFECTS relationship from CVE"", ""relationship_type"": ""sbom_cve_correlation"", ""cve_id"": ""cve-CVE-2013-1603"", ""confidence_score"": 0.8, ""discovered_date"": ""2025-11-01T13:29:21.296549""}"
cve-CVE-2013-2569,VULNERABLE_TO,System,CybersecurityKB:System:DOW_07_CCTV,cve-CVE-2013-2569,"{""phase"": ""supply_chain_intelligence_layer"", ""evidence"": ""Direct AFFECTS relationship from CVE"", ""relationship_type"": ""sbom_cve_correlation"", ""cve_id"": ""cve-CVE-2013-2569"", ""confidence_score"": 0.8, ""discovered_date"": ""2025-11-01T13:29:21.296549""}"
cve-CVE-2019-10579,VULNERABLE_TO,System,CybersecurityKB:System:DOW_07_CCTV,cve-CVE-2019-10579,"{""phase"": ""supply_chain_intelligence_layer"", ""evidence"": ""Direct AFFECTS relationship from CVE"", ""relationship_type"": ""sbom_cve_correlation"", ""cve_id"": ""cve-CVE-2019-10579"", ""confidence_score"": 0.8, ""discovered_date"": ""2025-11-01T13:29:21.296549""}"
cve-CVE-2019-10583,VULNERABLE_TO,System,CybersecurityKB:System:DOW_07_CCTV,cve-CVE-2019-10583,"{""phase"": ""supply_chain_intelligence_layer"", ""evidence"": ""Direct AFFECTS relationship from CVE"", ""relationship_type"": ""sbom_cve_correlation"", ""cve_id"": ""cve-CVE-2019-10583"", ""confidence_score"": 0.8, ""discovered_date"": ""2025-11-01T13:29:21.296549""}"
cve-CVE-2019-13537,VULNERABLE_TO,System,CybersecurityKB:System:SE_02_WheelLathe,cve-CVE-2019-13537,"{""phase"": ""supply_chain_intelligence_layer"", ""evidence"": ""Direct AFFECTS relationship from CVE"", ""relationship_type"": ""sbom_cve_correlation"", ""cve_id"": ""cve-CVE-2019-13537"", ""confidence_score"": 0.8, ""discovered_date"": ""2025-11-01T13:29:21.296549""}"
cve-CVE-2019-13939,VULNERABLE_TO,System,CybersecurityKB:System:DOW_24_BMS,cve-CVE-2019-13939,"{""phase"": ""supply_chain_intelligence_layer"", ""evidence"": ""Direct AFFECTS relationship from CVE"", ""relationship_type"": ""sbom_cve_correlation"", ""cve_id"": ""cve-CVE-2019-13939"", ""confidence_score"": 0.8, ""discovered_date"": ""2025-11-01T13:29:21.296549""}"
cve-CVE-2019-14044,VULNERABLE_TO,System,CybersecurityKB:System:DOW_07_CCTV,cve-CVE-2019-14044,"{""phase"": ""supply_chain_intelligence_layer"", ""evidence"": ""Direct AFFECTS relationship from CVE"", ""relationship_type"": ""sbom_cve_correlation"", ""cve_id"": ""cve-CVE-2019-14044"", ""confidence_score"": 0.8, ""discovered_date"": ""2025-11-01T13:29:21.296549""}"
cve-CVE-2019-20045,VULNERABLE_TO,System,CybersecurityKB:System:SE_02_WheelLathe,cve-CVE-2019-20045,"{""phase"": ""supply_chain_intelligence_layer"", ""evidence"": ""Direct AFFECTS relationship from CVE"", ""relationship_type"": ""sbom_cve_correlation"", ""cve_id"": ""cve-CVE-2019-20045"", ""confidence_score"": 0.8, ""discovered_date"": ""2025-11-01T13:29:21.296549""}"
cve-CVE-2019-20046,VULNERABLE_TO,System,CybersecurityKB:System:SE_02_WheelLathe,cve-CVE-2019-20046,"{""phase"": ""supply_chain_intelligence_layer"", ""evidence"": ""Direct AFFECTS relationship from CVE"", ""relationship_type"": ""sbom_cve_correlation"", ""cve_id"": ""cve-CVE-2019-20046"", ""confidence_score"": 0.8, ""discovered_date"": ""2025-11-01T13:29:21.296549""}"
cve-CVE-2019-5105,VULNERABLE_TO,System,CybersecurityKB:System:SE_02_WheelLathe,cve-CVE-2019-5105,"{""phase"": ""supply_chain_intelligence_layer"", ""evidence"": ""Direct AFFECTS relationship from CVE"", ""relationship_type"": ""sbom_cve_correlation"", ""cve_id"": ""cve-CVE-2019-5105"", ""confidence_score"": 0.8, ""discovered_date"": ""2025-11-01T13:29:21.296549""}"
cve-CVE-2019-6854,VULNERABLE_TO,System,CybersecurityKB:System:SE_02_WheelLathe,cve-CVE-2019-6854,"{""phase"": ""supply_chain_intelligence_layer"", ""evidence"": ""Direct AFFECTS relationship from CVE"", ""relationship_type"": ""sbom_cve_correlation"", ""cve_id"": ""cve-CVE-2019-6854"", ""confidence_score"": 0.8, ""discovered_date"": ""2025-11-01T13:29:21.296549""}"
cve-CVE-2020-10611,VULNERABLE_TO,System,CybersecurityKB:System:SE_02_WheelLathe,cve-CVE-2020-10611,"{""phase"": ""supply_chain_intelligence_layer"", ""evidence"": ""Direct AFFECTS relationship from CVE"", ""relationship_type"": ""sbom_cve_correlation"", ""cve_id"": ""cve-CVE-2020-10611"", ""confidence_score"": 0.8, ""discovered_date"": ""2025-11-01T13:29:21.296549""}"
cve-CVE-2020-10613,VULNERABLE_TO,System,CybersecurityKB:System:SE_02_WheelLathe,cve-CVE-2020-10613,"{""phase"": ""supply_chain_intelligence_layer"", ""evidence"": ""Direct AFFECTS relationship from CVE"", ""relationship_type"": ""sbom_cve_correlation"", ""cve_id"": ""cve-CVE-2020-10613"", ""confidence_score"": 0.8, ""discovered_date"": ""2025-11-01T13:29:21.296549""}"
cve-CVE-2020-10696,VULNERABLE_TO,System,CybersecurityKB:System:DOW_24_BMS,cve-CVE-2020-10696,"{""phase"": ""supply_chain_intelligence_layer"", ""evidence"": ""Direct AFFECTS relationship from CVE"", ""relationship_type"": ""sbom_cve_correlation"", ""cve_id"": ""cve-CVE-2020-10696"", ""confidence_score"": 0.8, ""discovered_date"": ""2025-11-01T13:29:21.296549""}"
cve-CVE-2020-11078,VULNERABLE_TO,System,CybersecurityKB:System:DOW_24_BMS,cve-CVE-2020-11078,"{""phase"": ""supply_chain_intelligence_layer"", ""evidence"": ""Direct AFFECTS relationship from CVE"", ""relationship_type"": ""sbom_cve_correlation"", ""cve_id"": ""cve-CVE-2020-11078"", ""confidence_score"": 0.8, ""discovered_date"": ""2025-11-01T13:29:21.296549""}"
cve-CVE-2020-13926,VULNERABLE_TO,System,CybersecurityKB:System:DOW_24_BMS,cve-CVE-2020-13926,"{""phase"": ""supply_chain_intelligence_layer"", ""evidence"": ""Direct AFFECTS relationship from CVE"", ""relationship_type"": ""sbom_cve_correlation"", ""cve_id"": ""cve-CVE-2020-13926"", ""confidence_score"": 0.8, ""discovered_date"": ""2025-11-01T13:29:21.296549""}"
cve-CVE-2020-1959,VULNERABLE_TO,System,CybersecurityKB:System:DOW_24_BMS,cve-CVE-2020-1959,"{""phase"": ""supply_chain_intelligence_layer"", ""evidence"": ""Direct AFFECTS relationship from CVE"", ""relationship_type"": ""sbom_cve_correlation"", ""cve_id"": ""cve-CVE-2020-1959"", ""confidence_score"": 0.8, ""discovered_date"": ""2025-11-01T13:29:21.296549""}"
cve-CVE-2020-6970,VULNERABLE_TO,System,CybersecurityKB:System:SE_02_WheelLathe,cve-CVE-2020-6970,"{""phase"": ""supply_chain_intelligence_layer"", ""evidence"": ""Direct AFFECTS relationship from CVE"", ""relationship_type"": ""sbom_cve_correlation"", ""cve_id"": ""cve-CVE-2020-6970"", ""confidence_score"": 0.8, ""discovered_date"": ""2025-11-01T13:29:21.296549""}"
cve-CVE-2020-6986,VULNERABLE_TO,System,CybersecurityKB:System:SE_02_WheelLathe,cve-CVE-2020-6986,"{""phase"": ""supply_chain_intelligence_layer"", ""evidence"": ""Direct AFFECTS relationship from CVE"", ""relationship_type"": ""sbom_cve_correlation"", ""cve_id"": ""cve-CVE-2020-6986"", ""confidence_score"": 0.8, ""discovered_date"": ""2025-11-01T13:29:21.296549""}"
cve-CVE-2020-6992,VULNERABLE_TO,System,CybersecurityKB:System:SE_02_WheelLathe,cve-CVE-2020-6992,"{""phase"": ""supply_chain_intelligence_layer"", ""evidence"": ""Direct AFFECTS relationship from CVE"", ""relationship_type"": ""sbom_cve_correlation"", ""cve_id"": ""cve-CVE-2020-6992"", ""confidence_score"": 0.8, ""discovered_date"": ""2025-11-01T13:29:21.296549""}"
cve-CVE-2020-7233,VULNERABLE_TO,System,CybersecurityKB:System:DOW_24_BMS,cve-CVE-2020-7233,"{""phase"": ""supply_chain_intelligence_layer"", ""evidence"": ""Direct AFFECTS relationship from CVE"", ""relationship_type"": ""sbom_cve_correlation"", ""cve_id"": ""cve-CVE-2020-7233"", ""confidence_score"": 0.8, ""discovered_date"": ""2025-11-01T13:29:21.296549""}"
cve-CVE-2020-7574,VULNERABLE_TO,System,CybersecurityKB:System:DOW_24_BMS,cve-CVE-2020-7574,"{""phase"": ""supply_chain_intelligence_layer"", ""evidence"": ""Direct AFFECTS relationship from CVE"", ""relationship_type"": ""sbom_cve_correlation"", ""cve_id"": ""cve-CVE-2020-7574"", ""confidence_score"": 0.8, ""discovered_date"": ""2025-11-01T13:29:21.296549""}"
cve-CVE-2020-7575,VULNERABLE_TO,System,CybersecurityKB:System:DOW_24_BMS,cve-CVE-2020-7575,"{""phase"": ""supply_chain_intelligence_layer"", ""evidence"": ""Direct AFFECTS relationship from CVE"", ""relationship_type"": ""sbom_cve_correlation"", ""cve_id"": ""cve-CVE-2020-7575"", ""confidence_score"": 0.8, ""discovered_date"": ""2025-11-01T13:29:21.296549""}"
cve-CVE-2020-8649,VULNERABLE_TO,System,CybersecurityKB:System:DOW_07_CCTV,cve-CVE-2020-8649,"{""phase"": ""supply_chain_intelligence_layer"", ""evidence"": ""Direct AFFECTS relationship from CVE"", ""relationship_type"": ""sbom_cve_correlation"", ""cve_id"": ""cve-CVE-2020-8649"", ""confidence_score"": 0.8, ""discovered_date"": ""2025-11-01T13:29:21.296549""}"
cve-CVE-2020-9296,VULNERABLE_TO,System,CybersecurityKB:System:DOW_24_BMS,cve-CVE-2020-9296,"{""phase"": ""supply_chain_intelligence_layer"", ""evidence"": ""Direct AFFECTS relationship from CVE"", ""relationship_type"": ""sbom_cve_correlation"", ""cve_id"": ""cve-CVE-2020-9296"", ""confidence_score"": 0.8, ""discovered_date"": ""2025-11-01T13:29:21.296549""}"
cve-CVE-2020-9297,VULNERABLE_TO,System,CybersecurityKB:System:DOW_24_BMS,cve-CVE-2020-9297,"{""phase"": ""supply_chain_intelligence_layer"", ""evidence"": ""Direct AFFECTS relationship from CVE"", ""relationship_type"": ""sbom_cve_correlation"", ""cve_id"": ""cve-CVE-2020-9297"", ""confidence_score"": 0.8, ""discovered_date"": ""2025-11-01T13:29:21.296549""}"
,VULNERABLE_TO,STIX_Object,,4:04ab11b0-cbf9-4d56-9e56-fd00dfe4bd72:2093,"{""phase"": ""supply_chain_intelligence_layer"", ""evidence"": ""Direct AFFECTS relationship from CVE"", ""relationship_type"": ""sbom_cve_correlation"", ""cve_id"": ""4:04ab11b0-cbf9-4d56-9e56-fd00dfe4bd72:2093"", ""confidence_score"": 0.8, ""discovered_date"": ""2025-11-01T13:29:21.296549""}"
,VULNERABLE_TO,STIX_Object,,4:04ab11b0-cbf9-4d56-9e56-fd00dfe4bd72:2095,"{""phase"": ""supply_chain_intelligence_layer"", ""evidence"": ""Direct AFFECTS relationship from CVE"", ""relationship_type"": ""sbom_cve_correlation"", ""cve_id"": ""4:04ab11b0-cbf9-4d56-9e56-fd00dfe4bd72:2095"", ""confidence_score"": 0.8, ""discovered_date"": ""2025-11-01T13:29:21.296549""}"
,VULNERABLE_TO,STIX_Object,,4:04ab11b0-cbf9-4d56-9e56-fd00dfe4bd72:2101,"{""phase"": ""supply_chain_intelligence_layer"", ""evidence"": ""Direct AFFECTS relationship from CVE"", ""relationship_type"": ""sbom_cve_correlation"", ""cve_id"": ""4:04ab11b0-cbf9-4d56-9e56-fd00dfe4bd72:2101"", ""confidence_score"": 0.8, ""discovered_date"": ""2025-11-01T13:29:21.296549""}"
,VULNERABLE_TO,STIX_Object,,4:04ab11b0-cbf9-4d56-9e56-fd00dfe4bd72:2191,"{""phase"": ""supply_chain_intelligence_layer"", ""evidence"": ""Direct AFFECTS relationship from CVE"", ""relationship_type"": ""sbom_cve_correlation"", ""cve_id"": ""4:04ab11b0-cbf9-4d56-9e56-fd00dfe4bd72:2191"", ""confidence_score"": 0.8, ""discovered_date"": ""2025-11-01T13:29:21.296549""}"
,VULNERABLE_TO,STIX_Object,,4:04ab11b0-cbf9-4d56-9e56-fd00dfe4bd72:2200,"{""phase"": ""supply_chain_intelligence_layer"", ""evidence"": ""Direct AFFECTS relationship from CVE"", ""relationship_type"": ""sbom_cve_correlation"", ""cve_id"": ""4:04ab11b0-cbf9-4d56-9e56-fd00dfe4bd72:2200"", ""confidence_score"": 0.8, ""discovered_date"": ""2025-11-01T13:29:21.296549""}"
,VULNERABLE_TO,STIX_Object,,4:04ab11b0-cbf9-4d56-9e56-fd00dfe4bd72:2201,"{""phase"": ""supply_chain_intelligence_layer"", ""evidence"": ""Direct AFFECTS relationship from CVE"", ""relationship_type"": ""sbom_cve_correlation"", ""cve_id"": ""4:04ab11b0-cbf9-4d56-9e56-fd00dfe4bd72:2201"", ""confidence_score"": 0.8, ""discovered_date"": ""2025-11-01T13:29:21.296549""}"
,VULNERABLE_TO,STIX_Object,,4:04ab11b0-cbf9-4d56-9e56-fd00dfe4bd72:2203,"{""phase"": ""supply_chain_intelligence_layer"", ""evidence"": ""Direct AFFECTS relationship from CVE"", ""relationship_type"": ""sbom_cve_correlation"", ""cve_id"": ""4:04ab11b0-cbf9-4d56-9e56-fd00dfe4bd72:2203"", ""confidence_score"": 0.8, ""discovered_date"": ""2025-11-01T13:29:21.296549""}"
,VULNERABLE_TO,STIX_Object,,4:04ab11b0-cbf9-4d56-9e56-fd00dfe4bd72:2205,"{""phase"": ""supply_chain_intelligence_layer"", ""evidence"": ""Direct AFFECTS relationship from CVE"", ""relationship_type"": ""sbom_cve_correlation"", ""cve_id"": ""4:04ab11b0-cbf9-4d56-9e56-fd00dfe4bd72:2205"", ""confidence_score"": 0.8, ""discovered_date"": ""2025-11-01T13:29:21.296549""}"
,VULNERABLE_TO,STIX_Object,,4:04ab11b0-cbf9-4d56-9e56-fd00dfe4bd72:2210,"{""phase"": ""supply_chain_intelligence_layer"", ""evidence"": ""Direct AFFECTS relationship from CVE"", ""relationship_type"": ""sbom_cve_correlation"", ""cve_id"": ""4:04ab11b0-cbf9-4d56-9e56-fd00dfe4bd72:2210"", ""confidence_score"": 0.8, ""discovered_date"": ""2025-11-01T13:29:21.296549""}"
,VULNERABLE_TO,STIX_Object,,4:04ab11b0-cbf9-4d56-9e56-fd00dfe4bd72:2212,"{""phase"": ""supply_chain_intelligence_layer"", ""evidence"": ""Direct AFFECTS relationship from CVE"", ""relationship_type"": ""sbom_cve_correlation"", ""cve_id"": ""4:04ab11b0-cbf9-4d56-9e56-fd00dfe4bd72:2212"", ""confidence_score"": 0.8, ""discovered_date"": ""2025-11-01T13:29:21.296549""}"
,VULNERABLE_TO,STIX_Object,,4:04ab11b0-cbf9-4d56-9e56-fd00dfe4bd72:2213,"{""phase"": ""supply_chain_intelligence_layer"", ""evidence"": ""Direct AFFECTS relationship from CVE"", ""relationship_type"": ""sbom_cve_correlation"", ""cve_id"": ""4:04ab11b0-cbf9-4d56-9e56-fd00dfe4bd72:2213"", ""confidence_score"": 0.8, ""discovered_date"": ""2025-11-01T13:29:21.296549""}"
,VULNERABLE_TO,STIX_Object,,4:04ab11b0-cbf9-4d56-9e56-fd00dfe4bd72:2214,"{""phase"": ""supply_chain_intelligence_layer"", ""evidence"": ""Direct AFFECTS relationship from CVE"", ""relationship_type"": ""sbom_cve_correlation"", ""cve_id"": ""4:04ab11b0-cbf9-4d56-9e56-fd00dfe4bd72:2214"", ""confidence_score"": 0.8, ""discovered_date"": ""2025-11-01T13:29:21.296549""}"
,VULNERABLE_TO,STIX_Object,,4:04ab11b0-cbf9-4d56-9e56-fd00dfe4bd72:2215,"{""phase"": ""supply_chain_intelligence_layer"", ""evidence"": ""Direct AFFECTS relationship from CVE"", ""relationship_type"": ""sbom_cve_correlation"", ""cve_id"": ""4:04ab11b0-cbf9-4d56-9e56-fd00dfe4bd72:2215"", ""confidence_score"": 0.8, ""discovered_date"": ""2025-11-01T13:29:21.296549""}"
,VULNERABLE_TO,STIX_Object,,4:04ab11b0-cbf9-4d56-9e56-fd00dfe4bd72:2216,"{""phase"": ""supply_chain_intelligence_layer"", ""evidence"": ""Direct AFFECTS relationship from CVE"", ""relationship_type"": ""sbom_cve_correlation"", ""cve_id"": ""4:04ab11b0-cbf9-4d56-9e56-fd00dfe4bd72:2216"", ""confidence_score"": 0.8, ""discovered_date"": ""2025-11-01T13:29:21.296549""}"
,VULNERABLE_TO,STIX_Object,,4:04ab11b0-cbf9-4d56-9e56-fd00dfe4bd72:2220,"{""phase"": ""supply_chain_intelligence_layer"", ""evidence"": ""Direct AFFECTS relationship from CVE"", ""relationship_type"": ""sbom_cve_correlation"", ""cve_id"": ""4:04ab11b0-cbf9-4d56-9e56-fd00dfe4bd72:2220"", ""confidence_score"": 0.8, ""discovered_date"": ""2025-11-01T13:29:21.296549""}"
,VULNERABLE_TO,STIX_Object,,4:04ab11b0-cbf9-4d56-9e56-fd00dfe4bd72:2221,"{""phase"": ""supply_chain_intelligence_layer"", ""evidence"": ""Direct AFFECTS relationship from CVE"", ""relationship_type"": ""sbom_cve_correlation"", ""cve_id"": ""4:04ab11b0-cbf9-4d56-9e56-fd00dfe4bd72:2221"", ""confidence_score"": 0.8, ""discovered_date"": ""2025-11-01T13:29:21.296549""}"
,VULNERABLE_TO,STIX_Object,,4:04ab11b0-cbf9-4d56-9e56-fd00dfe4bd72:2224,"{""phase"": ""supply_chain_intelligence_layer"", ""evidence"": ""Direct AFFECTS relationship from CVE"", ""relationship_type"": ""sbom_cve_correlation"", ""cve_id"": ""4:04ab11b0-cbf9-4d56-9e56-fd00dfe4bd72:2224"", ""confidence_score"": 0.8, ""discovered_date"": ""2025-11-01T13:29:21.296549""}"
,VULNERABLE_TO,STIX_Object,,4:04ab11b0-cbf9-4d56-9e56-fd00dfe4bd72:2225,"{""phase"": ""supply_chain_intelligence_layer"", ""evidence"": ""Direct AFFECTS relationship from CVE"", ""relationship_type"": ""sbom_cve_correlation"", ""cve_id"": ""4:04ab11b0-cbf9-4d56-9e56-fd00dfe4bd72:2225"", ""confidence_score"": 0.8, ""discovered_date"": ""2025-11-01T13:29:21.296549""}"
,VULNERABLE_TO,STIX_Object,,4:04ab11b0-cbf9-4d56-9e56-fd00dfe4bd72:2226,"{""phase"": ""supply_chain_intelligence_layer"", ""evidence"": ""Direct AFFECTS relationship from CVE"", ""relationship_type"": ""sbom_cve_correlation"", ""cve_id"": ""4:04ab11b0-cbf9-4d56-9e56-fd00dfe4bd72:2226"", ""confidence_score"": 0.8, ""discovered_date"": ""2025-11-01T13:29:21.296549""}"
,VULNERABLE_TO,STIX_Object,,4:04ab11b0-cbf9-4d56-9e56-fd00dfe4bd72:2227,"{""phase"": ""supply_chain_intelligence_layer"", ""evidence"": ""Direct AFFECTS relationship from CVE"", ""relationship_type"": ""sbom_cve_correlation"", ""cve_id"": ""4:04ab11b0-cbf9-4d56-9e56-fd00dfe4bd72:2227"", ""confidence_score"": 0.8, ""discovered_date"": ""2025-11-01T13:29:21.296549""}"
,VULNERABLE_TO,STIX_Object,,4:04ab11b0-cbf9-4d56-9e56-fd00dfe4bd72:2228,"{""phase"": ""supply_chain_intelligence_layer"", ""evidence"": ""Direct AFFECTS relationship from CVE"", ""relationship_type"": ""sbom_cve_correlation"", ""cve_id"": ""4:04ab11b0-cbf9-4d56-9e56-fd00dfe4bd72:2228"", ""confidence_score"": 0.8, ""discovered_date"": ""2025-11-01T13:29:21.296549""}"
,VULNERABLE_TO,STIX_Object,,4:04ab11b0-cbf9-4d56-9e56-fd00dfe4bd72:2229,"{""phase"": ""supply_chain_intelligence_layer"", ""evidence"": ""Direct AFFECTS relationship from CVE"", ""relationship_type"": ""sbom_cve_correlation"", ""cve_id"": ""4:04ab11b0-cbf9-4d56-9e56-fd00dfe4bd72:2229"", ""confidence_score"": 0.8, ""discovered_date"": ""2025-11-01T13:29:21.296549""}"
,VULNERABLE_TO,STIX_Object,,4:04ab11b0-cbf9-4d56-9e56-fd00dfe4bd72:2233,"{""phase"": ""supply_chain_intelligence_layer"", ""evidence"": ""Direct AFFECTS relationship from CVE"", ""relationship_type"": ""sbom_cve_correlation"", ""cve_id"": ""4:04ab11b0-cbf9-4d56-9e56-fd00dfe4bd72:2233"", ""confidence_score"": 0.8, ""discovered_date"": ""2025-11-01T13:29:21.296549""}"
,VULNERABLE_TO,STIX_Object,,4:04ab11b0-cbf9-4d56-9e56-fd00dfe4bd72:2235,"{""phase"": ""supply_chain_intelligence_layer"", ""evidence"": ""Direct AFFECTS relationship from CVE"", ""relationship_type"": ""sbom_cve_correlation"", ""cve_id"": ""4:04ab11b0-cbf9-4d56-9e56-fd00dfe4bd72:2235"", ""confidence_score"": 0.8, ""discovered_date"": ""2025-11-01T13:29:21.296549""}"
,VULNERABLE_TO,STIX_Object,,4:04ab11b0-cbf9-4d56-9e56-fd00dfe4bd72:2236,"{""phase"": ""supply_chain_intelligence_layer"", ""evidence"": ""Direct AFFECTS relationship from CVE"", ""relationship_type"": ""sbom_cve_correlation"", ""cve_id"": ""4:04ab11b0-cbf9-4d56-9e56-fd00dfe4bd72:2236"", ""confidence_score"": 0.8, ""discovered_date"": ""2025-11-01T13:29:21.296549""}"
,VULNERABLE_TO,STIX_Object,,4:04ab11b0-cbf9-4d56-9e56-fd00dfe4bd72:2241,"{""phase"": ""supply_chain_intelligence_layer"", ""evidence"": ""Direct AFFECTS relationship from CVE"", ""relationship_type"": ""sbom_cve_correlation"", ""cve_id"": ""4:04ab11b0-cbf9-4d56-9e56-fd00dfe4bd72:2241"", ""confidence_score"": 0.8, ""discovered_date"": ""2025-11-01T13:29:21.296549""}"
,VULNERABLE_TO,STIX_Object,,4:04ab11b0-cbf9-4d56-9e56-fd00dfe4bd72:2242,"{""phase"": ""supply_chain_intelligence_layer"", ""evidence"": ""Direct AFFECTS relationship from CVE"", ""relationship_type"": ""sbom_cve_correlation"", ""cve_id"": ""4:04ab11b0-cbf9-4d56-9e56-fd00dfe4bd72:2242"", ""confidence_score"": 0.8, ""discovered_date"": ""2025-11-01T13:29:21.296549""}"
,VULNERABLE_TO,STIX_Object,,4:04ab11b0-cbf9-4d56-9e56-fd00dfe4bd72:2243,"{""phase"": ""supply_chain_intelligence_layer"", ""evidence"": ""Direct AFFECTS relationship from CVE"", ""relationship_type"": ""sbom_cve_correlation"", ""cve_id"": ""4:04ab11b0-cbf9-4d56-9e56-fd00dfe4bd72:2243"", ""confidence_score"": 0.8, ""discovered_date"": ""2025-11-01T13:29:21.296549""}"
,VULNERABLE_TO,STIX_Object,,4:04ab11b0-cbf9-4d56-9e56-fd00dfe4bd72:2245,"{""phase"": ""supply_chain_intelligence_layer"", ""evidence"": ""Direct AFFECTS relationship from CVE"", ""relationship_type"": ""sbom_cve_correlation"", ""cve_id"": ""4:04ab11b0-cbf9-4d56-9e56-fd00dfe4bd72:2245"", ""confidence_score"": 0.8, ""discovered_date"": ""2025-11-01T13:29:21.296549""}"
,VULNERABLE_TO,STIX_Object,,4:04ab11b0-cbf9-4d56-9e56-fd00dfe4bd72:2246,"{""phase"": ""supply_chain_intelligence_layer"", ""evidence"": ""Direct AFFECTS relationship from CVE"", ""relationship_type"": ""sbom_cve_correlation"", ""cve_id"": ""4:04ab11b0-cbf9-4d56-9e56-fd00dfe4bd72:2246"", ""confidence_score"": 0.8, ""discovered_date"": ""2025-11-01T13:29:21.296549""}"
,VULNERABLE_TO,STIX_Object,,4:04ab11b0-cbf9-4d56-9e56-fd00dfe4bd72:2247,"{""phase"": ""supply_chain_intelligence_layer"", ""evidence"": ""Direct AFFECTS relationship from CVE"", ""relationship_type"": ""sbom_cve_correlation"", ""cve_id"": ""4:04ab11b0-cbf9-4d56-9e56-fd00dfe4bd72:2247"", ""confidence_score"": 0.8, ""discovered_date"": ""2025-11-01T13:29:21.296549""}"
,VULNERABLE_TO,STIX_Object,,4:04ab11b0-cbf9-4d56-9e56-fd00dfe4bd72:2248,"{""phase"": ""supply_chain_intelligence_layer"", ""evidence"": ""Direct AFFECTS relationship from CVE"", ""relationship_type"": ""sbom_cve_correlation"", ""cve_id"": ""4:04ab11b0-cbf9-4d56-9e56-fd00dfe4bd72:2248"", ""confidence_score"": 0.8, ""discovered_date"": ""2025-11-01T13:29:21.296549""}"
,VULNERABLE_TO,STIX_Object,,4:04ab11b0-cbf9-4d56-9e56-fd00dfe4bd72:2251,"{""phase"": ""supply_chain_intelligence_layer"", ""evidence"": ""Direct AFFECTS relationship from CVE"", ""relationship_type"": ""sbom_cve_correlation"", ""cve_id"": ""4:04ab11b0-cbf9-4d56-9e56-fd00dfe4bd72:2251"", ""confidence_score"": 0.8, ""discovered_date"": ""2025-11-01T13:29:21.296549""}"
,VULNERABLE_TO,STIX_Object,,4:04ab11b0-cbf9-4d56-9e56-fd00dfe4bd72:2255,"{""phase"": ""supply_chain_intelligence_layer"", ""evidence"": ""Direct AFFECTS relationship from CVE"", ""relationship_type"": ""sbom_cve_correlation"", ""cve_id"": ""4:04ab11b0-cbf9-4d56-9e56-fd00dfe4bd72:2255"", ""confidence_score"": 0.8, ""discovered_date"": ""2025-11-01T13:29:21.296549""}"
,VULNERABLE_TO,STIX_Object,,4:04ab11b0-cbf9-4d56-9e56-fd00dfe4bd72:2256,"{""phase"": ""supply_chain_intelligence_layer"", ""evidence"": ""Direct AFFECTS relationship from CVE"", ""relationship_type"": ""sbom_cve_correlation"", ""cve_id"": ""4:04ab11b0-cbf9-4d56-9e56-fd00dfe4bd72:2256"", ""confidence_score"": 0.8, ""discovered_date"": ""2025-11-01T13:29:21.296549""}"
,VULNERABLE_TO,STIX_Object,,4:04ab11b0-cbf9-4d56-9e56-fd00dfe4bd72:2257,"{""phase"": ""supply_chain_intelligence_layer"", ""evidence"": ""Direct AFFECTS relationship from CVE"", ""relationship_type"": ""sbom_cve_correlation"", ""cve_id"": ""4:04ab11b0-cbf9-4d56-9e56-fd00dfe4bd72:2257"", ""confidence_score"": 0.8, ""discovered_date"": ""2025-11-01T13:29:21.296549""}"
,VULNERABLE_TO,STIX_Object,,4:04ab11b0-cbf9-4d56-9e56-fd00dfe4bd72:2258,"{""phase"": ""supply_chain_intelligence_layer"", ""evidence"": ""Direct AFFECTS relationship from CVE"", ""relationship_type"": ""sbom_cve_correlation"", ""cve_id"": ""4:04ab11b0-cbf9-4d56-9e56-fd00dfe4bd72:2258"", ""confidence_score"": 0.8, ""discovered_date"": ""2025-11-01T13:29:21.296549""}"
,VULNERABLE_TO,STIX_Object,,4:04ab11b0-cbf9-4d56-9e56-fd00dfe4bd72:2259,"{""phase"": ""supply_chain_intelligence_layer"", ""evidence"": ""Direct AFFECTS relationship from CVE"", ""relationship_type"": ""sbom_cve_correlation"", ""cve_id"": ""4:04ab11b0-cbf9-4d56-9e56-fd00dfe4bd72:2259"", ""confidence_score"": 0.8, ""discovered_date"": ""2025-11-01T13:29:21.296549""}"
,VULNERABLE_TO,STIX_Object,,4:04ab11b0-cbf9-4d56-9e56-fd00dfe4bd72:2260,"{""phase"": ""supply_chain_intelligence_layer"", ""evidence"": ""Direct AFFECTS relationship from CVE"", ""relationship_type"": ""sbom_cve_correlation"", ""cve_id"": ""4:04ab11b0-cbf9-4d56-9e56-fd00dfe4bd72:2260"", ""confidence_score"": 0.8, ""discovered_date"": ""2025-11-01T13:29:21.296549""}"
,VULNERABLE_TO,STIX_Object,,4:04ab11b0-cbf9-4d56-9e56-fd00dfe4bd72:2261,"{""phase"": ""supply_chain_intelligence_layer"", ""evidence"": ""Direct AFFECTS relationship from CVE"", ""relationship_type"": ""sbom_cve_correlation"", ""cve_id"": ""4:04ab11b0-cbf9-4d56-9e56-fd00dfe4bd72:2261"", ""confidence_score"": 0.8, ""discovered_date"": ""2025-11-01T13:29:21.296549""}"
,VULNERABLE_TO,STIX_Object,,4:04ab11b0-cbf9-4d56-9e56-fd00dfe4bd72:2263,"{""phase"": ""supply_chain_intelligence_layer"", ""evidence"": ""Direct AFFECTS relationship from CVE"", ""relationship_type"": ""sbom_cve_correlation"", ""cve_id"": ""4:04ab11b0-cbf9-4d56-9e56-fd00dfe4bd72:2263"", ""confidence_score"": 0.8, ""discovered_date"": ""2025-11-01T13:29:21.296549""}"
,VULNERABLE_TO,STIX_Object,,4:04ab11b0-cbf9-4d56-9e56-fd00dfe4bd72:2265,"{""phase"": ""supply_chain_intelligence_layer"", ""evidence"": ""Direct AFFECTS relationship from CVE"", ""relationship_type"": ""sbom_cve_correlation"", ""cve_id"": ""4:04ab11b0-cbf9-4d56-9e56-fd00dfe4bd72:2265"", ""confidence_score"": 0.8, ""discovered_date"": ""2025-11-01T13:29:21.296549""}"
,VULNERABLE_TO,STIX_Object,,4:04ab11b0-cbf9-4d56-9e56-fd00dfe4bd72:2266,"{""phase"": ""supply_chain_intelligence_layer"", ""evidence"": ""Direct AFFECTS relationship from CVE"", ""relationship_type"": ""sbom_cve_correlation"", ""cve_id"": ""4:04ab11b0-cbf9-4d56-9e56-fd00dfe4bd72:2266"", ""confidence_score"": 0.8, ""discovered_date"": ""2025-11-01T13:29:21.296549""}"
,VULNERABLE_TO,STIX_Object,,4:04ab11b0-cbf9-4d56-9e56-fd00dfe4bd72:2267,"{""phase"": ""supply_chain_intelligence_layer"", ""evidence"": ""Direct AFFECTS relationship from CVE"", ""relationship_type"": ""sbom_cve_correlation"", ""cve_id"": ""4:04ab11b0-cbf9-4d56-9e56-fd00dfe4bd72:2267"", ""confidence_score"": 0.8, ""discovered_date"": ""2025-11-01T13:29:21.296549""}"
,VULNERABLE_TO,STIX_Object,,4:04ab11b0-cbf9-4d56-9e56-fd00dfe4bd72:2268,"{""phase"": ""supply_chain_intelligence_layer"", ""evidence"": ""Direct AFFECTS relationship from CVE"", ""relationship_type"": ""sbom_cve_correlation"", ""cve_id"": ""4:04ab11b0-cbf9-4d56-9e56-fd00dfe4bd72:2268"", ""confidence_score"": 0.8, ""discovered_date"": ""2025-11-01T13:29:21.296549""}"
,VULNERABLE_TO,STIX_Object,,4:04ab11b0-cbf9-4d56-9e56-fd00dfe4bd72:2272,"{""phase"": ""supply_chain_intelligence_layer"", ""evidence"": ""Direct AFFECTS relationship from CVE"", ""relationship_type"": ""sbom_cve_correlation"", ""cve_id"": ""4:04ab11b0-cbf9-4d56-9e56-fd00dfe4bd72:2272"", ""confidence_score"": 0.8, ""discovered_date"": ""2025-11-01T13:29:21.296549""}"
,VULNERABLE_TO,STIX_Object,,4:04ab11b0-cbf9-4d56-9e56-fd00dfe4bd72:2274,"{""phase"": ""supply_chain_intelligence_layer"", ""evidence"": ""Direct AFFECTS relationship from CVE"", ""relationship_type"": ""sbom_cve_correlation"", ""cve_id"": ""4:04ab11b0-cbf9-4d56-9e56-fd00dfe4bd72:2274"", ""confidence_score"": 0.8, ""discovered_date"": ""2025-11-01T13:29:21.296549""}"
,VULNERABLE_TO,STIX_Object,,4:04ab11b0-cbf9-4d56-9e56-fd00dfe4bd72:2276,"{""phase"": ""supply_chain_intelligence_layer"", ""evidence"": ""Direct AFFECTS relationship from CVE"", ""relationship_type"": ""sbom_cve_correlation"", ""cve_id"": ""4:04ab11b0-cbf9-4d56-9e56-fd00dfe4bd72:2276"", ""confidence_score"": 0.8, ""discovered_date"": ""2025-11-01T13:29:21.296549""}"
,VULNERABLE_TO,STIX_Object,,4:04ab11b0-cbf9-4d56-9e56-fd00dfe4bd72:2278,"{""phase"": ""supply_chain_intelligence_layer"", ""evidence"": ""Direct AFFECTS relationship from CVE"", ""relationship_type"": ""sbom_cve_correlation"", ""cve_id"": ""4:04ab11b0-cbf9-4d56-9e56-fd00dfe4bd72:2278"", ""confidence_score"": 0.8, ""discovered_date"": ""2025-11-01T13:29:21.296549""}"
,VULNERABLE_TO,STIX_Object,,4:04ab11b0-cbf9-4d56-9e56-fd00dfe4bd72:2279,"{""phase"": ""supply_chain_intelligence_layer"", ""evidence"": ""Direct AFFECTS relationship from CVE"", ""relationship_type"": ""sbom_cve_correlation"", ""cve_id"": ""4:04ab11b0-cbf9-4d56-9e56-fd00dfe4bd72:2279"", ""confidence_score"": 0.8, ""discovered_date"": ""2025-11-01T13:29:21.296549""}"
,VULNERABLE_TO,STIX_Object,,4:04ab11b0-cbf9-4d56-9e56-fd00dfe4bd72:2282,"{""phase"": ""supply_chain_intelligence_layer"", ""evidence"": ""Direct AFFECTS relationship from CVE"", ""relationship_type"": ""sbom_cve_correlation"", ""cve_id"": ""4:04ab11b0-cbf9-4d56-9e56-fd00dfe4bd72:2282"", ""confidence_score"": 0.8, ""discovered_date"": ""2025-11-01T13:29:21.296549""}"
,VULNERABLE_TO,STIX_Object,,4:04ab11b0-cbf9-4d56-9e56-fd00dfe4bd72:2283,"{""phase"": ""supply_chain_intelligence_layer"", ""evidence"": ""Direct AFFECTS relationship from CVE"", ""relationship_type"": ""sbom_cve_correlation"", ""cve_id"": ""4:04ab11b0-cbf9-4d56-9e56-fd00dfe4bd72:2283"", ""confidence_score"": 0.8, ""discovered_date"": ""2025-11-01T13:29:21.296549""}"
,VULNERABLE_TO,STIX_Object,,4:04ab11b0-cbf9-4d56-9e56-fd00dfe4bd72:2284,"{""phase"": ""supply_chain_intelligence_layer"", ""evidence"": ""Direct AFFECTS relationship from CVE"", ""relationship_type"": ""sbom_cve_correlation"", ""cve_id"": ""4:04ab11b0-cbf9-4d56-9e56-fd00dfe4bd72:2284"", ""confidence_score"": 0.8, ""discovered_date"": ""2025-11-01T13:29:21.296549""}"
,VULNERABLE_TO,STIX_Object,,4:04ab11b0-cbf9-4d56-9e56-fd00dfe4bd72:2286,"{""phase"": ""supply_chain_intelligence_layer"", ""evidence"": ""Direct AFFECTS relationship from CVE"", ""relationship_type"": ""sbom_cve_correlation"", ""cve_id"": ""4:04ab11b0-cbf9-4d56-9e56-fd00dfe4bd72:2286"", ""confidence_score"": 0.8, ""discovered_date"": ""2025-11-01T13:29:21.296549""}"
,VULNERABLE_TO,STIX_Object,,4:04ab11b0-cbf9-4d56-9e56-fd00dfe4bd72:2287,"{""phase"": ""supply_chain_intelligence_layer"", ""evidence"": ""Direct AFFECTS relationship from CVE"", ""relationship_type"": ""sbom_cve_correlation"", ""cve_id"": ""4:04ab11b0-cbf9-4d56-9e56-fd00dfe4bd72:2287"", ""confidence_score"": 0.8, ""discovered_date"": ""2025-11-01T13:29:21.296549""}"
,VULNERABLE_TO,STIX_Object,,4:04ab11b0-cbf9-4d56-9e56-fd00dfe4bd72:2288,"{""phase"": ""supply_chain_intelligence_layer"", ""evidence"": ""Direct AFFECTS relationship from CVE"", ""relationship_type"": ""sbom_cve_correlation"", ""cve_id"": ""4:04ab11b0-cbf9-4d56-9e56-fd00dfe4bd72:2288"", ""confidence_score"": 0.8, ""discovered_date"": ""2025-11-01T13:29:21.296549""}"
,VULNERABLE_TO,STIX_Object,,4:04ab11b0-cbf9-4d56-9e56-fd00dfe4bd72:2291,"{""phase"": ""supply_chain_intelligence_layer"", ""evidence"": ""Direct AFFECTS relationship from CVE"", ""relationship_type"": ""sbom_cve_correlation"", ""cve_id"": ""4:04ab11b0-cbf9-4d56-9e56-fd00dfe4bd72:2291"", ""confidence_score"": 0.8, ""discovered_date"": ""2025-11-01T13:29:21.296549""}"
,VULNERABLE_TO,STIX_Object,,4:04ab11b0-cbf9-4d56-9e56-fd00dfe4bd72:2295,"{""phase"": ""supply_chain_intelligence_layer"", ""evidence"": ""Direct AFFECTS relationship from CVE"", ""relationship_type"": ""sbom_cve_correlation"", ""cve_id"": ""4:04ab11b0-cbf9-4d56-9e56-fd00dfe4bd72:2295"", ""confidence_score"": 0.8, ""discovered_date"": ""2025-11-01T13:29:21.296549""}"
,VULNERABLE_TO,STIX_Object,,4:04ab11b0-cbf9-4d56-9e56-fd00dfe4bd72:2301,"{""phase"": ""supply_chain_intelligence_layer"", ""evidence"": ""Direct AFFECTS relationship from CVE"", ""relationship_type"": ""sbom_cve_correlation"", ""cve_id"": ""4:04ab11b0-cbf9-4d56-9e56-fd00dfe4bd72:2301"", ""confidence_score"": 0.8, ""discovered_date"": ""2025-11-01T13:29:21.296549""}"
,VULNERABLE_TO,STIX_Object,,4:04ab11b0-cbf9-4d56-9e56-fd00dfe4bd72:2304,"{""phase"": ""supply_chain_intelligence_layer"", ""evidence"": ""Direct AFFECTS relationship from CVE"", ""relationship_type"": ""sbom_cve_correlation"", ""cve_id"": ""4:04ab11b0-cbf9-4d56-9e56-fd00dfe4bd72:2304"", ""confidence_score"": 0.8, ""discovered_date"": ""2025-11-01T13:29:21.296549""}"
,VULNERABLE_TO,STIX_Object,,4:04ab11b0-cbf9-4d56-9e56-fd00dfe4bd72:2305,"{""phase"": ""supply_chain_intelligence_layer"", ""evidence"": ""Direct AFFECTS relationship from CVE"", ""relationship_type"": ""sbom_cve_correlation"", ""cve_id"": ""4:04ab11b0-cbf9-4d56-9e56-fd00dfe4bd72:2305"", ""confidence_score"": 0.8, ""discovered_date"": ""2025-11-01T13:29:21.296549""}"
,VULNERABLE_TO,STIX_Object,,4:04ab11b0-cbf9-4d56-9e56-fd00dfe4bd72:2307,"{""phase"": ""supply_chain_intelligence_layer"", ""evidence"": ""Direct AFFECTS relationship from CVE"", ""relationship_type"": ""sbom_cve_correlation"", ""cve_id"": ""4:04ab11b0-cbf9-4d56-9e56-fd00dfe4bd72:2307"", ""confidence_score"": 0.8, ""discovered_date"": ""2025-11-01T13:29:21.296549""}"
,VULNERABLE_TO,STIX_Object,,4:04ab11b0-cbf9-4d56-9e56-fd00dfe4bd72:2308,"{""phase"": ""supply_chain_intelligence_layer"", ""evidence"": ""Direct AFFECTS relationship from CVE"", ""relationship_type"": ""sbom_cve_correlation"", ""cve_id"": ""4:04ab11b0-cbf9-4d56-9e56-fd00dfe4bd72:2308"", ""confidence_score"": 0.8, ""discovered_date"": ""2025-11-01T13:29:21.296549""}"
,VULNERABLE_TO,STIX_Object,,4:04ab11b0-cbf9-4d56-9e56-fd00dfe4bd72:2309,"{""phase"": ""supply_chain_intelligence_layer"", ""evidence"": ""Direct AFFECTS relationship from CVE"", ""relationship_type"": ""sbom_cve_correlation"", ""cve_id"": ""4:04ab11b0-cbf9-4d56-9e56-fd00dfe4bd72:2309"", ""confidence_score"": 0.8, ""discovered_date"": ""2025-11-01T13:29:21.296549""}"
,VULNERABLE_TO,STIX_Object,,4:04ab11b0-cbf9-4d56-9e56-fd00dfe4bd72:2311,"{""phase"": ""supply_chain_intelligence_layer"", ""evidence"": ""Direct AFFECTS relationship from CVE"", ""relationship_type"": ""sbom_cve_correlation"", ""cve_id"": ""4:04ab11b0-cbf9-4d56-9e56-fd00dfe4bd72:2311"", ""confidence_score"": 0.8, ""discovered_date"": ""2025-11-01T13:29:21.296549""}"
,VULNERABLE_TO,STIX_Object,,4:04ab11b0-cbf9-4d56-9e56-fd00dfe4bd72:2312,"{""phase"": ""supply_chain_intelligence_layer"", ""evidence"": ""Direct AFFECTS relationship from CVE"", ""relationship_type"": ""sbom_cve_correlation"", ""cve_id"": ""4:04ab11b0-cbf9-4d56-9e56-fd00dfe4bd72:2312"", ""confidence_score"": 0.8, ""discovered_date"": ""2025-11-01T13:29:21.296549""}"
,VULNERABLE_TO,STIX_Object,,4:04ab11b0-cbf9-4d56-9e56-fd00dfe4bd72:2313,"{""phase"": ""supply_chain_intelligence_layer"", ""evidence"": ""Direct AFFECTS relationship from CVE"", ""relationship_type"": ""sbom_cve_correlation"", ""cve_id"": ""4:04ab11b0-cbf9-4d56-9e56-fd00dfe4bd72:2313"", ""confidence_score"": 0.8, ""discovered_date"": ""2025-11-01T13:29:21.296549""}"
,VULNERABLE_TO,STIX_Object,,4:04ab11b0-cbf9-4d56-9e56-fd00dfe4bd72:2317,"{""phase"": ""supply_chain_intelligence_layer"", ""evidence"": ""Direct AFFECTS relationship from CVE"", ""relationship_type"": ""sbom_cve_correlation"", ""cve_id"": ""4:04ab11b0-cbf9-4d56-9e56-fd00dfe4bd72:2317"", ""confidence_score"": 0.8, ""discovered_date"": ""2025-11-01T13:29:21.296549""}"
,VULNERABLE_TO,STIX_Object,,4:04ab11b0-cbf9-4d56-9e56-fd00dfe4bd72:2323,"{""phase"": ""supply_chain_intelligence_layer"", ""evidence"": ""Direct AFFECTS relationship from CVE"", ""relationship_type"": ""sbom_cve_correlation"", ""cve_id"": ""4:04ab11b0-cbf9-4d56-9e56-fd00dfe4bd72:2323"", ""confidence_score"": 0.8, ""discovered_date"": ""2025-11-01T13:29:21.296549""}"
,VULNERABLE_TO,STIX_Object,,4:04ab11b0-cbf9-4d56-9e56-fd00dfe4bd72:2325,"{""phase"": ""supply_chain_intelligence_layer"", ""evidence"": ""Direct AFFECTS relationship from CVE"", ""relationship_type"": ""sbom_cve_correlation"", ""cve_id"": ""4:04ab11b0-cbf9-4d56-9e56-fd00dfe4bd72:2325"", ""confidence_score"": 0.8, ""discovered_date"": ""2025-11-01T13:29:21.296549""}"
,VULNERABLE_TO,STIX_Object,,4:04ab11b0-cbf9-4d56-9e56-fd00dfe4bd72:2326,"{""phase"": ""supply_chain_intelligence_layer"", ""evidence"": ""Direct AFFECTS relationship from CVE"", ""relationship_type"": ""sbom_cve_correlation"", ""cve_id"": ""4:04ab11b0-cbf9-4d56-9e56-fd00dfe4bd72:2326"", ""confidence_score"": 0.8, ""discovered_date"": ""2025-11-01T13:29:21.296549""}"
,VULNERABLE_TO,STIX_Object,,4:04ab11b0-cbf9-4d56-9e56-fd00dfe4bd72:2328,"{""phase"": ""supply_chain_intelligence_layer"", ""evidence"": ""Direct AFFECTS relationship from CVE"", ""relationship_type"": ""sbom_cve_correlation"", ""cve_id"": ""4:04ab11b0-cbf9-4d56-9e56-fd00dfe4bd72:2328"", ""confidence_score"": 0.8, ""discovered_date"": ""2025-11-01T13:29:21.296549""}"
,VULNERABLE_TO,STIX_Object,,4:04ab11b0-cbf9-4d56-9e56-fd00dfe4bd72:2330,"{""phase"": ""supply_chain_intelligence_layer"", ""evidence"": ""Direct AFFECTS relationship from CVE"", ""relationship_type"": ""sbom_cve_correlation"", ""cve_id"": ""4:04ab11b0-cbf9-4d56-9e56-fd00dfe4bd72:2330"", ""confidence_score"": 0.8, ""discovered_date"": ""2025-11-01T13:29:21.296549""}"
,VULNERABLE_TO,STIX_Object,,4:04ab11b0-cbf9-4d56-9e56-fd00dfe4bd72:2331,"{""phase"": ""supply_chain_intelligence_layer"", ""evidence"": ""Direct AFFECTS relationship from CVE"", ""relationship_type"": ""sbom_cve_correlation"", ""cve_id"": ""4:04ab11b0-cbf9-4d56-9e56-fd00dfe4bd72:2331"", ""confidence_score"": 0.8, ""discovered_date"": ""2025-11-01T13:29:21.296549""}"
,VULNERABLE_TO,STIX_Object,,4:04ab11b0-cbf9-4d56-9e56-fd00dfe4bd72:2332,"{""phase"": ""supply_chain_intelligence_layer"", ""evidence"": ""Direct AFFECTS relationship from CVE"", ""relationship_type"": ""sbom_cve_correlation"", ""cve_id"": ""4:04ab11b0-cbf9-4d56-9e56-fd00dfe4bd72:2332"", ""confidence_score"": 0.8, ""discovered_date"": ""2025-11-01T13:29:21.296549""}"
,VULNERABLE_TO,STIX_Object,,4:04ab11b0-cbf9-4d56-9e56-fd00dfe4bd72:2333,"{""phase"": ""supply_chain_intelligence_layer"", ""evidence"": ""Direct AFFECTS relationship from CVE"", ""relationship_type"": ""sbom_cve_correlation"", ""cve_id"": ""4:04ab11b0-cbf9-4d56-9e56-fd00dfe4bd72:2333"", ""confidence_score"": 0.8, ""discovered_date"": ""2025-11-01T13:29:21.296549""}"
,VULNERABLE_TO,STIX_Object,,4:04ab11b0-cbf9-4d56-9e56-fd00dfe4bd72:2337,"{""phase"": ""supply_chain_intelligence_layer"", ""evidence"": ""Direct AFFECTS relationship from CVE"", ""relationship_type"": ""sbom_cve_correlation"", ""cve_id"": ""4:04ab11b0-cbf9-4d56-9e56-fd00dfe4bd72:2337"", ""confidence_score"": 0.8, ""discovered_date"": ""2025-11-01T13:29:21.296549""}"
,VULNERABLE_TO,STIX_Object,,4:04ab11b0-cbf9-4d56-9e56-fd00dfe4bd72:2338,"{""phase"": ""supply_chain_intelligence_layer"", ""evidence"": ""Direct AFFECTS relationship from CVE"", ""relationship_type"": ""sbom_cve_correlation"", ""cve_id"": ""4:04ab11b0-cbf9-4d56-9e56-fd00dfe4bd72:2338"", ""confidence_score"": 0.8, ""discovered_date"": ""2025-11-01T13:29:21.296549""}"
,VULNERABLE_TO,STIX_Object,,4:04ab11b0-cbf9-4d56-9e56-fd00dfe4bd72:2339,"{""phase"": ""supply_chain_intelligence_layer"", ""evidence"": ""Direct AFFECTS relationship from CVE"", ""relationship_type"": ""sbom_cve_correlation"", ""cve_id"": ""4:04ab11b0-cbf9-4d56-9e56-fd00dfe4bd72:2339"", ""confidence_score"": 0.8, ""discovered_date"": ""2025-11-01T13:29:21.296549""}"
,VULNERABLE_TO,STIX_Object,,4:04ab11b0-cbf9-4d56-9e56-fd00dfe4bd72:2344,"{""phase"": ""supply_chain_intelligence_layer"", ""evidence"": ""Direct AFFECTS relationship from CVE"", ""relationship_type"": ""sbom_cve_correlation"", ""cve_id"": ""4:04ab11b0-cbf9-4d56-9e56-fd00dfe4bd72:2344"", ""confidence_score"": 0.8, ""discovered_date"": ""2025-11-01T13:29:21.296549""}"
,VULNERABLE_TO,STIX_Object,,4:04ab11b0-cbf9-4d56-9e56-fd00dfe4bd72:2346,"{""phase"": ""supply_chain_intelligence_layer"", ""evidence"": ""Direct AFFECTS relationship from CVE"", ""relationship_type"": ""sbom_cve_correlation"", ""cve_id"": ""4:04ab11b0-cbf9-4d56-9e56-fd00dfe4bd72:2346"", ""confidence_score"": 0.8, ""discovered_date"": ""2025-11-01T13:29:21.296549""}"
,VULNERABLE_TO,STIX_Object,,4:04ab11b0-cbf9-4d56-9e56-fd00dfe4bd72:2350,"{""phase"": ""supply_chain_intelligence_layer"", ""evidence"": ""Direct AFFECTS relationship from CVE"", ""relationship_type"": ""sbom_cve_correlation"", ""cve_id"": ""4:04ab11b0-cbf9-4d56-9e56-fd00dfe4bd72:2350"", ""confidence_score"": 0.8, ""discovered_date"": ""2025-11-01T13:29:21.296549""}"
,VULNERABLE_TO,STIX_Object,,4:04ab11b0-cbf9-4d56-9e56-fd00dfe4bd72:2362,"{""phase"": ""supply_chain_intelligence_layer"", ""evidence"": ""Direct AFFECTS relationship from CVE"", ""relationship_type"": ""sbom_cve_correlation"", ""cve_id"": ""4:04ab11b0-cbf9-4d56-9e56-fd00dfe4bd72:2362"", ""confidence_score"": 0.8, ""discovered_date"": ""2025-11-01T13:29:21.296549""}"
,VULNERABLE_TO,STIX_Object,,4:04ab11b0-cbf9-4d56-9e56-fd00dfe4bd72:2379,"{""phase"": ""supply_chain_intelligence_layer"", ""evidence"": ""Direct AFFECTS relationship from CVE"", ""relationship_type"": ""sbom_cve_correlation"", ""cve_id"": ""4:04ab11b0-cbf9-4d56-9e56-fd00dfe4bd72:2379"", ""confidence_score"": 0.8, ""discovered_date"": ""2025-11-01T13:29:21.296549""}"
,VULNERABLE_TO,STIX_Object,,4:04ab11b0-cbf9-4d56-9e56-fd00dfe4bd72:2380,"{""phase"": ""supply_chain_intelligence_layer"", ""evidence"": ""Direct AFFECTS relationship from CVE"", ""relationship_type"": ""sbom_cve_correlation"", ""cve_id"": ""4:04ab11b0-cbf9-4d56-9e56-fd00dfe4bd72:2380"", ""confidence_score"": 0.8, ""discovered_date"": ""2025-11-01T13:29:21.296549""}"
,VULNERABLE_TO,STIX_Object,,4:04ab11b0-cbf9-4d56-9e56-fd00dfe4bd72:2382,"{""phase"": ""supply_chain_intelligence_layer"", ""evidence"": ""Direct AFFECTS relationship from CVE"", ""relationship_type"": ""sbom_cve_correlation"", ""cve_id"": ""4:04ab11b0-cbf9-4d56-9e56-fd00dfe4bd72:2382"", ""confidence_score"": 0.8, ""discovered_date"": ""2025-11-01T13:29:21.296549""}"
,VULNERABLE_TO,STIX_Object,,4:04ab11b0-cbf9-4d56-9e56-fd00dfe4bd72:2383,"{""phase"": ""supply_chain_intelligence_layer"", ""evidence"": ""Direct AFFECTS relationship from CVE"", ""relationship_type"": ""sbom_cve_correlation"", ""cve_id"": ""4:04ab11b0-cbf9-4d56-9e56-fd00dfe4bd72:2383"", ""confidence_score"": 0.8, ""discovered_date"": ""2025-11-01T13:29:21.296549""}"
,VULNERABLE_TO,STIX_Object,,4:04ab11b0-cbf9-4d56-9e56-fd00dfe4bd72:2384,"{""phase"": ""supply_chain_intelligence_layer"", ""evidence"": ""Direct AFFECTS relationship from CVE"", ""relationship_type"": ""sbom_cve_correlation"", ""cve_id"": ""4:04ab11b0-cbf9-4d56-9e56-fd00dfe4bd72:2384"", ""confidence_score"": 0.8, ""discovered_date"": ""2025-11-01T13:29:21.296549""}"
,VULNERABLE_TO,STIX_Object,,4:04ab11b0-cbf9-4d56-9e56-fd00dfe4bd72:2388,"{""phase"": ""supply_chain_intelligence_layer"", ""evidence"": ""Direct AFFECTS relationship from CVE"", ""relationship_type"": ""sbom_cve_correlation"", ""cve_id"": ""4:04ab11b0-cbf9-4d56-9e56-fd00dfe4bd72:2388"", ""confidence_score"": 0.8, ""discovered_date"": ""2025-11-01T13:29:21.296549""}"
,VULNERABLE_TO,STIX_Object,,4:04ab11b0-cbf9-4d56-9e56-fd00dfe4bd72:2391,"{""phase"": ""supply_chain_intelligence_layer"", ""evidence"": ""Direct AFFECTS relationship from CVE"", ""relationship_type"": ""sbom_cve_correlation"", ""cve_id"": ""4:04ab11b0-cbf9-4d56-9e56-fd00dfe4bd72:2391"", ""confidence_score"": 0.8, ""discovered_date"": ""2025-11-01T13:29:21.296549""}"
,VULNERABLE_TO,STIX_Object,,4:04ab11b0-cbf9-4d56-9e56-fd00dfe4bd72:2392,"{""phase"": ""supply_chain_intelligence_layer"", ""evidence"": ""Direct AFFECTS relationship from CVE"", ""relationship_type"": ""sbom_cve_correlation"", ""cve_id"": ""4:04ab11b0-cbf9-4d56-9e56-fd00dfe4bd72:2392"", ""confidence_score"": 0.8, ""discovered_date"": ""2025-11-01T13:29:21.296549""}"
,VULNERABLE_TO,STIX_Object,,4:04ab11b0-cbf9-4d56-9e56-fd00dfe4bd72:2404,"{""phase"": ""supply_chain_intelligence_layer"", ""evidence"": ""Direct AFFECTS relationship from CVE"", ""relationship_type"": ""sbom_cve_correlation"", ""cve_id"": ""4:04ab11b0-cbf9-4d56-9e56-fd00dfe4bd72:2404"", ""confidence_score"": 0.8, ""discovered_date"": ""2025-11-01T13:29:21.296549""}"
,VULNERABLE_TO,STIX_Object,,4:04ab11b0-cbf9-4d56-9e56-fd00dfe4bd72:2405,"{""phase"": ""supply_chain_intelligence_layer"", ""evidence"": ""Direct AFFECTS relationship from CVE"", ""relationship_type"": ""sbom_cve_correlation"", ""cve_id"": ""4:04ab11b0-cbf9-4d56-9e56-fd00dfe4bd72:2405"", ""confidence_score"": 0.8, ""discovered_date"": ""2025-11-01T13:29:21.296549""}"
,VULNERABLE_TO,STIX_Object,,4:04ab11b0-cbf9-4d56-9e56-fd00dfe4bd72:2408,"{""phase"": ""supply_chain_intelligence_layer"", ""evidence"": ""Direct AFFECTS relationship from CVE"", ""relationship_type"": ""sbom_cve_correlation"", ""cve_id"": ""4:04ab11b0-cbf9-4d56-9e56-fd00dfe4bd72:2408"", ""confidence_score"": 0.8, ""discovered_date"": ""2025-11-01T13:29:21.296549""}"
,VULNERABLE_TO,STIX_Object,,4:04ab11b0-cbf9-4d56-9e56-fd00dfe4bd72:2409,"{""phase"": ""supply_chain_intelligence_layer"", ""evidence"": ""Direct AFFECTS relationship from CVE"", ""relationship_type"": ""sbom_cve_correlation"", ""cve_id"": ""4:04ab11b0-cbf9-4d56-9e56-fd00dfe4bd72:2409"", ""confidence_score"": 0.8, ""discovered_date"": ""2025-11-01T13:29:21.296549""}"
,VULNERABLE_TO,STIX_Object,,4:04ab11b0-cbf9-4d56-9e56-fd00dfe4bd72:2411,"{""phase"": ""supply_chain_intelligence_layer"", ""evidence"": ""Direct AFFECTS relationship from CVE"", ""relationship_type"": ""sbom_cve_correlation"", ""cve_id"": ""4:04ab11b0-cbf9-4d56-9e56-fd00dfe4bd72:2411"", ""confidence_score"": 0.8, ""discovered_date"": ""2025-11-01T13:29:21.296549""}"
,VULNERABLE_TO,STIX_Object,,4:04ab11b0-cbf9-4d56-9e56-fd00dfe4bd72:2412,"{""phase"": ""supply_chain_intelligence_layer"", ""evidence"": ""Direct AFFECTS relationship from CVE"", ""relationship_type"": ""sbom_cve_correlation"", ""cve_id"": ""4:04ab11b0-cbf9-4d56-9e56-fd00dfe4bd72:2412"", ""confidence_score"": 0.8, ""discovered_date"": ""2025-11-01T13:29:21.296549""}"
,VULNERABLE_TO,STIX_Object,,4:04ab11b0-cbf9-4d56-9e56-fd00dfe4bd72:2415,"{""phase"": ""supply_chain_intelligence_layer"", ""evidence"": ""Direct AFFECTS relationship from CVE"", ""relationship_type"": ""sbom_cve_correlation"", ""cve_id"": ""4:04ab11b0-cbf9-4d56-9e56-fd00dfe4bd72:2415"", ""confidence_score"": 0.8, ""discovered_date"": ""2025-11-01T13:29:21.296549""}"
,VULNERABLE_TO,STIX_Object,,4:04ab11b0-cbf9-4d56-9e56-fd00dfe4bd72:2416,"{""phase"": ""supply_chain_intelligence_layer"", ""evidence"": ""Direct AFFECTS relationship from CVE"", ""relationship_type"": ""sbom_cve_correlation"", ""cve_id"": ""4:04ab11b0-cbf9-4d56-9e56-fd00dfe4bd72:2416"", ""confidence_score"": 0.8, ""discovered_date"": ""2025-11-01T13:29:21.296549""}"
,VULNERABLE_TO,STIX_Object,,4:04ab11b0-cbf9-4d56-9e56-fd00dfe4bd72:2417,"{""phase"": ""supply_chain_intelligence_layer"", ""evidence"": ""Direct AFFECTS relationship from CVE"", ""relationship_type"": ""sbom_cve_correlation"", ""cve_id"": ""4:04ab11b0-cbf9-4d56-9e56-fd00dfe4bd72:2417"", ""confidence_score"": 0.8, ""discovered_date"": ""2025-11-01T13:29:21.296549""}"
